{
  "Total" : {
    "transaction" : "Total",
    "sampleCount" : 20000,
    "errorCount" : 15172,
    "errorPct" : 75.86,
    "meanResTime" : 222.86184999999995,
    "medianResTime" : 163.0,
    "minResTime" : 0.0,
    "maxResTime" : 3561.0,
    "pct1ResTime" : 503.0,
    "pct2ResTime" : 583.0,
    "pct3ResTime" : 1103.0,
    "throughput" : 5563.282336578581,
    "receivedKBytesPerSec" : 11055.953635691933,
    "sentKBytesPerSec" : 338.3670897079277
  },
  "HTTP Request" : {
    "transaction" : "HTTP Request",
    "sampleCount" : 20000,
    "errorCount" : 15172,
    "errorPct" : 75.86,
    "meanResTime" : 222.86184999999995,
    "medianResTime" : 163.0,
    "minResTime" : 0.0,
    "maxResTime" : 3561.0,
    "pct1ResTime" : 503.0,
    "pct2ResTime" : 583.0,
    "pct3ResTime" : 1103.0,
    "throughput" : 5563.282336578581,
    "receivedKBytesPerSec" : 11055.953635691933,
    "sentKBytesPerSec" : 338.3670897079277
  }
}